Workbook

Sheet Attendance tracker
A1: Name | B1: Month | C1: Contact | D1: Group/Department | E1: Total days present | F1: Actual days present | G1: Attendance percentage | H1: Attendance requirement met
A2: Attendee 33 | B2: 45474 | C2: =_xlfn.XLOOKUP(A2, List1_ContactInfo!A:A, List1_ContactInfo!B:B) -> attendee33@company.com | D2: =_xlfn.XLOOKUP(A2, List2_Department!A:A, List2_Department!B:B) -> HR | E2: =DATE(2024,7,5)-DATE(2024,7,1)+1 -> 5 | F2: =SUMIF(tbl_AttendanceDetails[Name],A2,tbl_AttendanceDetails[Present (1/0)]) -> 5 | G2: =tbl_AttendanceTracker[[#This Row],[Actual days present]]/tbl_AttendanceTracker[[#This Row],[Total days present]] -> 1 | H2: =IF(tbl_AttendanceTracker[[#This Row],[Attendance percentage]]>=IF(OR(tbl_AttendanceTracker[[#This Row],[Group/Department]]="IT",tbl_AttendanceTracker[[#This Row],[Group/Department]]="Finance"),40%,80%),"Yes","No") -> Yes
A3: Attendee 7 | B3: 45474 | C3: =_xlfn.XLOOKUP(A3, List1_ContactInfo!A:A, List1_ContactInfo!B:B) -> attendee7@company.com | D3: =_xlfn.XLOOKUP(A3, List2_Department!A:A, List2_Department!B:B) -> Sales | E3: =DATE(2024,7,5)-DATE(2024,7,1)+1 -> 5 | F3: =SUMIF(tbl_AttendanceDetails[Name],A3,tbl_AttendanceDetails[Present (1/0)]) -> 4 | G3: =tbl_AttendanceTracker[[#This Row],[Actual days present]]/tbl_AttendanceTracker[[#This Row],[Total days present]] -> 0.8 | H3: =IF(tbl_AttendanceTracker[[#This Row],[Attendance percentage]]>=IF(OR(tbl_AttendanceTracker[[#This Row],[Group/Department]]="IT",tbl_AttendanceTracker[[#This Row],[Group/Department]]="Finance"),40%,80%),"Yes","No") -> Yes
A4: Attendee 9 | B4: 45474 | C4: =_xlfn.XLOOKUP(A4, List1_ContactInfo!A:A, List1_ContactInfo!B:B) -> attendee9@company.com | D4: =_xlfn.XLOOKUP(A4, List2_Department!A:A, List2_Department!B:B) -> IT | E4: =DATE(2024,7,5)-DATE(2024,7,1)+1 -> 5 | F4: =SUMIF(tbl_AttendanceDetails[Name],A4,tbl_AttendanceDetails[Present (1/0)]) -> 4 | G4: =tbl_AttendanceTracker[[#This Row],[Actual days present]]/tbl_AttendanceTracker[[#This Row],[Total days present]] -> 0.8 | H4: =IF(tbl_AttendanceTracker[[#This Row],[Attendance percentage]]>=IF(OR(tbl_AttendanceTracker[[#This Row],[Group/Department]]="IT",tbl_AttendanceTracker[[#This Row],[Group/Department]]="Finance"),40%,80%),"Yes","No") -> Yes
A5: Attendee 27 | B5: 45474 | C5: =_xlfn.XLOOKUP(A5, List1_ContactInfo!A:A, List1_ContactInfo!B:B) -> attendee27@company.com | D5: =_xlfn.XLOOKUP(A5, List2_Department!A:A, List2_Department!B:B) -> Sales | E5: =DATE(2024,7,5)-DATE(2024,7,1)+1 -> 5 | F5: =SUMIF(tbl_AttendanceDetails[Name],A5,tbl_AttendanceDetails[Present (1/0)]) -> 4 | G5: =tbl_AttendanceTracker[[#This Row],[Actual days present]]/tbl_AttendanceTracker[[#This Row],[Total days present]] -> 0.8 | H5: =IF(tbl_AttendanceTracker[[#This Row],[Attendance percentage]]>=IF(OR(tbl_AttendanceTracker[[#This Row],[Group/Department]]="IT",tbl_AttendanceTracker[[#This Row],[Group/Department]]="Finance"),40%,80%),"Yes","No") -> Yes
A6: Attendee 30 | B6: 45474 | C6: =_xlfn.XLOOKUP(A6, List1_ContactInfo!A:A, List1_ContactInfo!B:B) -> attendee30@company.com | D6: =_xlfn.XLOOKUP(A6, List2_Department!A:A, List2_Department!B:B) -> Finance | E6: =DATE(2024,7,5)-DATE(2024,7,1)+1 -> 5 | F6: =SUMIF(tbl_AttendanceDetails[Name],A6,tbl_AttendanceDetails[Present (1/0)]) -> 4 | G6: =tbl_AttendanceTracker[[#This Row],[Actual days present]]/tbl_AttendanceTracker[[#This Row],[Total days present]] -> 0.8 | H6: =IF(tbl_AttendanceTracker[[#This Row],[Attendance percentage]]>=IF(OR(tbl_AttendanceTracker[[#This Row],[Group/Department]]="IT",tbl_AttendanceTracker[[#This Row],[Group/Department]]="Finance"),40%,80%),"Yes","No") -> Yes
A7: Attendee 37 | B7: 45474 | C7: =_xlfn.XLOOKUP(A7, List1_ContactInfo!A:A, List1_ContactInfo!B:B) -> attendee37@company.com | D7: =_xlfn.XLOOKUP(A7, List2_Department!A:A, List2_Department!B:B) -> Sales | E7: =DATE(2024,7,5)-DATE(2024,7,1)+1 -> 5 | F7: =SUMIF(tbl_AttendanceDetails[Name],A7,tbl_AttendanceDetails[Present (1/0)]) -> 4 | G7: =tbl_AttendanceTracker[[#This Row],[Actual days present]]/tbl_AttendanceTracker[[#This Row],[Total days present]] -> 0.8 | H7: =IF(tbl_AttendanceTracker[[#This Row],[Attendance percentage]]>=IF(OR(tbl_AttendanceTracker[[#This Row],[Group/Department]]="IT",tbl_AttendanceTracker[[#This Row],[Group/Department]]="Finance"),40%,80%),"Yes","No") -> Yes
A8: Attendee 39 | B8: 45474 | C8: =_xlfn.XLOOKUP(A8, List1_ContactInfo!A:A, List1_ContactInfo!B:B) -> attendee39@company.com | D8: =_xlfn.XLOOKUP(A8, List2_Department!A:A, List2_Department!B:B) -> IT | E8: =DATE(2024,7,5)-DATE(2024,7,1)+1 -> 5 | F8: =SUMIF(tbl_AttendanceDetails[Name],A8,tbl_AttendanceDetails[Present (1/0)]) -> 4 | G8: =tbl_AttendanceTracker[[#This Row],[Actual days present]]/tbl_AttendanceTracker[[#This Row],[Total days present]] -> 0.8 | H8: =IF(tbl_AttendanceTracker[[#This Row],[Attendance percentage]]>=IF(OR(tbl_AttendanceTracker[[#This Row],[Group/Department]]="IT",tbl_AttendanceTracker[[#This Row],[Group/Department]]="Finance"),40%,80%),"Yes","No") -> Yes
A9: Attendee 41 | B9: 45474 | C9: =_xlfn.XLOOKUP(A9, List1_ContactInfo!A:A, List1_ContactInfo!B:B) -> attendee41@company.com | D9: =_xlfn.XLOOKUP(A9, List2_Department!A:A, List2_Department!B:B) -> Marketing | E9: =DATE(2024,7,5)-DATE(2024,7,1)+1 -> 5 | F9: =SUMIF(tbl_AttendanceDetails[Name],A9,tbl_AttendanceDetails[Present (1/0)]) -> 4 | G9: =tbl_AttendanceTracker[[#This Row],[Actual days present]]/tbl_AttendanceTracker[[#This Row],[Total days present]] -> 0.8 | H9: =IF(tbl_AttendanceTracker[[#This Row],[Attendance percentage]]>=IF(OR(tbl_AttendanceTracker[[#This Row],[Group/Department]]="IT",tbl_AttendanceTracker[[#This Row],[Group/Department]]="Finance"),40%,80%),"Yes","No") -> Yes
A10: Attendee 47 | B10: 45474 | C10: =_xlfn.XLOOKUP(A10, List1_ContactInfo!A:A, List1_ContactInfo!B:B) -> attendee47@company.com | D10: =_xlfn.XLOOKUP(A10, List2_Department!A:A, List2_Department!B:B) -> Sales | E10: =DATE(2024,7,5)-DATE(2024,7,1)+1 -> 5 | F10: =SUMIF(tbl_AttendanceDetails[Name],A10,tbl_AttendanceDetails[Present (1/0)]) -> 4 | G10: =tbl_AttendanceTracker[[#This Row],[Actual days present]]/tbl_AttendanceTracker[[#This Row],[Total days present]] -> 0.8 | H10: =IF(tbl_AttendanceTracker[[#This Row],[Attendance percentage]]>=IF(OR(tbl_AttendanceTracker[[#This Row],[Group/Department]]="IT",tbl_AttendanceTracker[[#This Row],[Group/Department]]="Finance"),40%,80%),"Yes","No") -> Yes
A11: Attendee 2 | B11: 45474 | C11: =_xlfn.XLOOKUP(A11, List1_ContactInfo!A:A, List1_ContactInfo!B:B) -> attendee2@company.com | D11: =_xlfn.XLOOKUP(A11, List2_Department!A:A, List2_Department!B:B) -> Sales | E11: =DATE(2024,7,5)-DATE(2024,7,1)+1 -> 5 | F11: =SUMIF(tbl_AttendanceDetails[Name],A11,tbl_AttendanceDetails[Present (1/0)]) -> 3 | G11: =tbl_AttendanceTracker[[#This Row],[Actual days present]]/tbl_AttendanceTracker[[#This Row],[Total days present]] -> 0.6 | H11: =IF(tbl_AttendanceTracker[[#This Row],[Attendance percentage]]>=IF(OR(tbl_AttendanceTracker[[#This Row],[Group/Department]]="IT",tbl_AttendanceTracker[[#This Row],[Group/Department]]="Finance"),40%,80%),"Yes","No") -> No
A12: Attendee 5 | B12: 45474 | C12: =_xlfn.XLOOKUP(A12, List1_ContactInfo!A:A, List1_ContactInfo!B:B) -> attendee5@company.com | D12: =_xlfn.XLOOKUP(A12, List2_Department!A:A, List2_Department!B:B) -> Finance | E12: =DATE(2024,7,5)-DATE(2024,7,1)+1 -> 5 | F12: =SUMIF(tbl_AttendanceDetails[Name],A12,tbl_AttendanceDetails[Present (1/0)]) -> 3 | G12: =tbl_AttendanceTracker[[#This Row],[Actual days present]]/tbl_AttendanceTracker[[#This Row],[Total days present]] -> 0.6 | H12: =IF(tbl_AttendanceTracker[[#This Row],[Attendance percentage]]>=IF(OR(tbl_AttendanceTracker[[#This Row],[Group/Department]]="IT",tbl_AttendanceTracker[[#This Row],[Group/Department]]="Finance"),40%,80%),"Yes","No") -> Yes
A13: Attendee 6 | B13: 45474 | C13: =_xlfn.XLOOKUP(A13, List1_ContactInfo!A:A, List1_ContactInfo!B:B) -> attendee6@company.com | D13: =_xlfn.XLOOKUP(A13, List2_Department!A:A, List2_Department!B:B) -> Marketing | E13: =DATE(2024,7,5)-DATE(2024,7,1)+1 -> 5 | F13: =SUMIF(tbl_AttendanceDetails[Name],A13,tbl_AttendanceDetails[Present (1/0)]) -> 3 | G13: =tbl_AttendanceTracker[[#This Row],[Actual days present]]/tbl_AttendanceTracker[[#This Row],[Total days present]] -> 0.6 | H13: =IF(tbl_AttendanceTracker[[#This Row],[Attendance percentage]]>=IF(OR(tbl_AttendanceTracker[[#This Row],[Group/Department]]="IT",tbl_AttendanceTracker[[#This Row],[Group/Department]]="Finance"),40%,80%),"Yes","No") -> No
... A51: Attendee 48 | B51: 45474 | C51: =_xlfn.XLOOKUP(A51, List1_ContactInfo!A:A, List1_ContactInfo!B:B) -> attendee48@company.com | D51: =_xlfn.XLOOKUP(A51, List2_Department!A:A, List2_Department!B:B) -> HR | E51: =DATE(2024,7,5)-DATE(2024,7,1)+1 -> 5 | F51: =SUMIF(tbl_AttendanceDetails[Name],A51,tbl_AttendanceDetails[Present (1/0)]) -> 0 | G51: =tbl_AttendanceTracker[[#This Row],[Actual days present]]/tbl_AttendanceTracker[[#This Row],[Total days present]] -> 0 | H51: =IF(tbl_AttendanceTracker[[#This Row],[Attendance percentage]]>=IF(OR(tbl_AttendanceTracker[[#This Row],[Group/Department]]="IT",tbl_AttendanceTracker[[#This Row],[Group/Department]]="Finance"),40%,80%),"Yes","No") -> No

Sheet Attendance Analysis
A1: Attendance Analysis
A2: Average attendance by department | D2: Key questions
A3: Group/Department | B3: Avg attendance rate | D3: Question | E3: Answer
A4: Finance | B4: 0.48 | D4: Department with best attendance | E4: =INDEX(A4:A8,MATCH(MAX(B4:B8),B4:B8,0))&" ("&TEXT(MAX(B4:B8),"0.0%")&")" -> IT (54.0%)
A5: HR | B5: 0.48 | D5: Individual(s) with highest attendance rate | E5: {=_xlfn.TEXTJOIN(", ",TRUE,IF(tbl_AttendanceTracker[Attendance percentage]=MAX(tbl_AttendanceTracker[Attendance percentage]),tbl_AttendanceTracker[Name],""))&" ("&TEXT(MAX(tbl_AttendanceTracker[Attendance percentage]),"0.0%")&")"} -> Attendee 33 (100.0%)
A6: IT | B6: 0.54 | D6: Individuals who attended only one day | E6: =COUNTIF(tbl_AttendanceTracker[Actual days present],1) -> 4
A7: Marketing | B7: 0.52 | D7: % of individuals who met the requirement | E7: =COUNTIF(tbl_AttendanceTracker[Attendance requirement met],"Yes")/COUNTA(tbl_AttendanceTracker[Name]) -> 0.48
A8: Sales | B8: 0.52
A9: Grand Total | B9: 0.508

Sheet Attendance Dashboard
A1: Attendance Dashboard | Z1: Helper (feeds at-risk list)
Z2: ='Attendance tracker'!A2 -> Attendee 33 | AA2: ='Attendance tracker'!D2 -> HR | AB2: ='Attendance tracker'!G2 -> 1
A3: Key metrics | Z3: ='Attendance tracker'!A3 -> Attendee 7 | AA3: ='Attendance tracker'!D3 -> Sales | AB3: ='Attendance tracker'!G3 -> 0.8
A4: Overall attendance rate | C4: % meeting requirement | E4: Perfect attendance (5 days) | G4: Avg days attended | Z4: ='Attendance tracker'!A4 -> Attendee 9 | AA4: ='Attendance tracker'!D4 -> IT | AB4: ='Attendance tracker'!G4 -> 0.8
A5: =SUM(tbl_AttendanceTracker[Actual days present])/SUM(tbl_AttendanceTracker[Total days present]) -> 0.508 | C5: =COUNTIF(tbl_AttendanceTracker[Attendance requirement met],"Yes")/COUNTA(tbl_AttendanceTracker[Name]) -> 0.48 | E5: =COUNTIF(tbl_AttendanceTracker[Actual days present],5) -> 1 | G5: =AVERAGE(tbl_AttendanceTracker[Actual days present]) -> 2.54 | Z5: ='Attendance tracker'!A5 -> Attendee 27 | AA5: ='Attendance tracker'!D5 -> Sales | AB5: ='Attendance tracker'!G5 -> 0.8
Z6: ='Attendance tracker'!A6 -> Attendee 30 | AA6: ='Attendance tracker'!D6 -> Finance | AB6: ='Attendance tracker'!G6 -> 0.8
A7: Attendance by group (A–E) | Z7: ='Attendance tracker'!A7 -> Attendee 37 | AA7: ='Attendance tracker'!D7 -> Sales | AB7: ='Attendance tracker'!G7 -> 0.8
A8: Group | B8: Department | C8: Requirement | D8: Avg attendance | E8: Headcount | F8: Meeting % | Z8: ='Attendance tracker'!A8 -> Attendee 39 | AA8: ='Attendance tracker'!D8 -> IT | AB8: ='Attendance tracker'!G8 -> 0.8
A9: A | B9: Marketing | C9: 0.8 | D9: =AVERAGEIF(tbl_AttendanceTracker[Group/Department],B9,tbl_AttendanceTracker[Attendance percentage]) -> 0.52 | E9: =COUNTIF(tbl_AttendanceTracker[Group/Department],B9) -> 10 | F9: =COUNTIFS(tbl_AttendanceTracker[Group/Department],B9,tbl_AttendanceTracker[Attendance requirement met],"Yes")/E9 -> 0.1 | Z9: ='Attendance tracker'!A9 -> Attendee 41 | AA9: ='Attendance tracker'!D9 -> Marketing | AB9: ='Attendance tracker'!G9 -> 0.8
A10: B | B10: Sales | C10: 0.8 | D10: =AVERAGEIF(tbl_AttendanceTracker[Group/Department],B10,tbl_AttendanceTracker[Attendance percentage]) -> 0.52 | E10: =COUNTIF(tbl_AttendanceTracker[Group/Department],B10) -> 10 | F10: =COUNTIFS(tbl_AttendanceTracker[Group/Department],B10,tbl_AttendanceTracker[Attendance requirement met],"Yes")/E10 -> 0.4 | Z10: ='Attendance tracker'!A10 -> Attendee 47 | AA10: ='Attendance tracker'!D10 -> Sales | AB10: ='Attendance tracker'!G10 -> 0.8
A11: C | B11: HR | C11: 0.8 | D11: =AVERAGEIF(tbl_AttendanceTracker[Group/Department],B11,tbl_AttendanceTracker[Attendance percentage]) -> 0.48 | E11: =COUNTIF(tbl_AttendanceTracker[Group/Department],B11) -> 10 | F11: =COUNTIFS(tbl_AttendanceTracker[Group/Department],B11,tbl_AttendanceTracker[Attendance requirement met],"Yes")/E11 -> 0.1 | Z11: ='Attendance tracker'!A11 -> Attendee 2 | AA11: ='Attendance tracker'!D11 -> Sales | AB11: ='Attendance tracker'!G11 -> 0.6
A12: D | B12: IT | C12: 0.4 | D12: =AVERAGEIF(tbl_AttendanceTracker[Group/Department],B12,tbl_AttendanceTracker[Attendance percentage]) -> 0.54 | E12: =COUNTIF(tbl_AttendanceTracker[Group/Department],B12) -> 10 | F12: =COUNTIFS(tbl_AttendanceTracker[Group/Department],B12,tbl_AttendanceTracker[Attendance requirement met],"Yes")/E12 -> 1 | Z12: ='Attendance tracker'!A12 -> Attendee 5 | AA12: ='Attendance tracker'!D12 -> Finance | AB12: ='Attendance tracker'!G12 -> 0.6
A13: E | B13: Finance | C13: 0.4 | D13: =AVERAGEIF(tbl_AttendanceTracker[Group/Department],B13,tbl_AttendanceTracker[Attendance percentage]) -> 0.48 | E13: =COUNTIF(tbl_AttendanceTracker[Group/Department],B13) -> 10 | F13: =COUNTIFS(tbl_AttendanceTracker[Group/Department],B13,tbl_AttendanceTracker[Attendance requirement met],"Yes")/E13 -> 0.8 | Z13: ='Attendance tracker'!A13 -> Attendee 6 | AA13: ='Attendance tracker'!D13 -> Marketing | AB13: ='Attendance tracker'!G13 -> 0.6
Z14: ='Attendance tracker'!A14 -> Attendee 8 | AA14: ='Attendance tracker'!D14 -> HR | AB14: ='Attendance tracker'!G14 -> 0.6
A15: Distribution of days attended | Z15: ='Attendance tracker'!A15 -> Attendee 11 | AA15: ='Attendance tracker'!D15 -> Marketing | AB15: ='Attendance tracker'!G15 -> 0.6
A16: Days attended | B16: Individuals | C16: % of total | Z16: ='Attendance tracker'!A16 -> Attendee 13 | AA16: ='Attendance tracker'!D16 -> HR | AB16: ='Attendance tracker'!G16 -> 0.6
A17: 0 | B17: =COUNTIF(tbl_AttendanceTracker[Actual days present],A17) -> 3 | C17: =B17/SUM($B$17:$B$22) -> 0.06 | Z17: ='Attendance tracker'!A17 -> Attendee 14 | AA17: ='Attendance tracker'!D17 -> IT | AB17: ='Attendance tracker'!G17 -> 0.6
A18: 1 | B18: =COUNTIF(tbl_AttendanceTracker[Actual days present],A18) -> 4 | C18: =B18/SUM($B$17:$B$22) -> 0.08 | Z18: ='Attendance tracker'!A18 -> Attendee 15 | AA18: ='Attendance tracker'!D18 -> Finance | AB18: ='Attendance tracker'!G18 -> 0.6
A19: 2 | B19: =COUNTIF(tbl_AttendanceTracker[Actual days present],A19) -> 16 | C19: =B19/SUM($B$17:$B$22) -> 0.32 | Z19: ='Attendance tracker'!A19 -> Attendee 17 | AA19: ='Attendance tracker'!D19 -> Sales | AB19: ='Attendance tracker'!G19 -> 0.6
A20: 3 | B20: =COUNTIF(tbl_AttendanceTracker[Actual days present],A20) -> 18 | C20: =B20/SUM($B$17:$B$22) -> 0.36 | Z20: ='Attendance tracker'!A20 -> Attendee 18 | AA20: ='Attendance tracker'!D20 -> HR | AB20: ='Attendance tracker'!G20 -> 0.6
A21: 4 | B21: =COUNTIF(tbl_AttendanceTracker[Actual days present],A21) -> 8 | C21: =B21/SUM($B$17:$B$22) -> 0.16 | Z21: ='Attendance tracker'!A21 -> Attendee 19 | AA21: ='Attendance tracker'!D21 -> IT | AB21: ='Attendance tracker'!G21 -> 0.6
A22: 5 | B22: =COUNTIF(tbl_AttendanceTracker[Actual days present],A22) -> 1 | C22: =B22/SUM($B$17:$B$22) -> 0.02 | Z22: ='Attendance tracker'!A22 -> Attendee 21 | AA22: ='Attendance tracker'!D22 -> Marketing | AB22: ='Attendance tracker'!G22 -> 0.6
Z23: ='Attendance tracker'!A23 -> Attendee 23 | AA23: ='Attendance tracker'!D23 -> HR | AB23: ='Attendance tracker'!G23 -> 0.6
A24: At-risk individuals — requirement not met | Z24: ='Attendance tracker'!A24 -> Attendee 29 | AA24: ='Attendance tracker'!D24 -> IT | AB24: ='Attendance tracker'!G24 -> 0.6
A25: Name | B25: Department | C25: Attendance % | Z25: ='Attendance tracker'!A25 -> Attendee 35 | AA25: ='Attendance tracker'!D25 -> Finance | AB25: ='Attendance tracker'!G25 -> 0.6
A26: {=_xlfn._xlws.SORT(_xlfn._xlws.FILTER(Z2:AB51,'Attendance tracker'!H2:H51="No"),3,1)} -> Attendee 12 | B26: Sales | C26: 0 | Z26: ='Attendance tracker'!A26 -> Attendee 36 | AA26: ='Attendance tracker'!D26 -> Marketing | AB26: ='Attendance tracker'!G26 -> 0.6
A27: Attendee 28 | B27: HR | C27: 0 | Z27: ='Attendance tracker'!A27 -> Attendee 38 | AA27: ='Attendance tracker'!D27 -> HR | AB27: ='Attendance tracker'!G27 -> 0.6
A28: Attendee 48 | B28: HR | C28: 0 | Z28: ='Attendance tracker'!A28 -> Attendee 45 | AA28: ='Attendance tracker'!D28 -> Finance | AB28: ='Attendance tracker'!G28 -> 0.6
A29: Attendee 22 | B29: Sales | C29: 0.2 | Z29: ='Attendance tracker'!A29 -> Attendee 1 | AA29: ='Attendance tracker'!D29 -> Marketing | AB29: ='Attendance tracker'!G29 -> 0.4
A30: Attendee 40 | B30: Finance | C30: 0.2 | Z30: ='Attendance tracker'!A30 -> Attendee 3 | AA30: ='Attendance tracker'!D30 -> HR | AB30: ='Attendance tracker'!G30 -> 0.4
A31: Attendee 42 | B31: Sales | C31: 0.2 | Z31: ='Attendance tracker'!A31 -> Attendee 4 | AA31: ='Attendance tracker'!D31 -> IT | AB31: ='Attendance tracker'!G31 -> 0.4
A32: Attendee 50 | B32: Finance | C32: 0.2 | Z32: ='Attendance tracker'!A32 -> Attendee 10 | AA32: ='Attendance tracker'!D32 -> Finance | AB32: ='Attendance tracker'!G32 -> 0.4
A33: Attendee 1 | B33: Marketing | C33: 0.4 | Z33: ='Attendance tracker'!A33 -> Attendee 16 | AA33: ='Attendance tracker'!D33 -> Marketing | AB33: ='Attendance tracker'!G33 -> 0.4
A34: Attendee 3 | B34: HR | C34: 0.4 | Z34: ='Attendance tracker'!A34 -> Attendee 20 | AA34: ='Attendance tracker'!D34 -> Finance | AB34: ='Attendance tracker'!G34 -> 0.4
A35: Attendee 16 | B35: Marketing | C35: 0.4 | Z35: ='Attendance tracker'!A35 -> Attendee 24 | AA35: ='Attendance tracker'!D35 -> IT | AB35: ='Attendance tracker'!G35 -> 0.4
A36: Attendee 26 | B36: Marketing | C36: 0.4 | Z36: ='Attendance tracker'!A36 -> Attendee 25 | AA36: ='Attendance tracker'!D36 -> Finance | AB36: ='Attendance tracker'!G36 -> 0.4
A37: Attendee 31 | B37: Marketing | C37: 0.4 | Z37: ='Attendance tracker'!A37 -> Attendee 26 | AA37: ='Attendance tracker'!D37 -> Marketing | AB37: ='Attendance tracker'!G37 -> 0.4
A38: Attendee 32 | B38: Sales | C38: 0.4 | Z38: ='Attendance tracker'!A38 -> Attendee 31 | AA38: ='Attendance tracker'!D38 -> Marketing | AB38: ='Attendance tracker'!G38 -> 0.4
... A51: Attendee 38 | B51: HR | C51: 0.6 | Z51: ='Attendance tracker'!A51 -> Attendee 48 | AA51: ='Attendance tracker'!D51 -> HR | AB51: ='Attendance tracker'!G51 -> 0

Sheet List1_ContactInfo
A1: Name | B1: Email Address
A2: Attendee 1 | B2: attendee1@company.com
A3: Attendee 2 | B3: attendee2@company.com
A4: Attendee 3 | B4: attendee3@company.com
A5: Attendee 4 | B5: attendee4@company.com
A6: Attendee 5 | B6: attendee5@company.com
A7: Attendee 6 | B7: attendee6@company.com
A8: Attendee 7 | B8: attendee7@company.com
A9: Attendee 8 | B9: attendee8@company.com
A10: Attendee 9 | B10: attendee9@company.com
A11: Attendee 10 | B11: attendee10@company.com
A12: Attendee 11 | B12: attendee11@company.com
... A58: Attendee 50 | B58: attendee50@company.com

Sheet List2_Department
A1: Name | B1: Department | D1: Legend
A2: Attendee 1 | B2: Marketing | D2: Department | E2: Group
A3: Attendee 2 | B3: Sales | D3: Marketing | E3: A
A4: Attendee 3 | B4: HR | D4: Sales | E4: B
A5: Attendee 4 | B5: IT | D5: HR | E5: C
A6: Attendee 5 | B6: Finance | D6: IT | E6: D
A7: Attendee 6 | B7: Marketing | D7: Finance | E7: E
A8: Attendee 7 | B8: Sales
A9: Attendee 8 | B9: HR
A10: Attendee 9 | B10: IT
A11: Attendee 10 | B11: Finance
A12: Attendee 11 | B12: Marketing
A13: Attendee 12 | B13: Sales
A14: Attendee 13 | B14: HR
A15: Attendee 14 | B15: IT
A16: Attendee 15 | B16: Finance
A17: Attendee 16 | B17: Marketing
A18: Attendee 17 | B18: Sales
A19: Attendee 18 | B19: HR
... A51: Attendee 50 | B51: Finance

Sheet List3_Details
A1: Name | B1: Date | C1: Attended | D1: Present (1/0) | E1: Attendance status | F1: Day | H1: Row Labels | I1: Individuals attended | J1: Attendance rate | L1: Questions | M1: Answer | O1: Day | P1: Individuals attended
A2: Attendee 1 | B2: 45474 | C2: Yes | D2: =IF(C2="Yes",1,0) -> 1 | E2: =IF(C2="Yes","Present","Absent") -> Present | F2: =TEXT(tbl_AttendanceDetails[[#This Row],[Date]],"dddd") -> Monday | H2: 45474 | I2: 25 | J2: 0.5 | L2: Day with highest attendance rate | M2: =INDEX($O$2:$O$6,MATCH(MAX($P$2:$P$6),$P$2:$P$6,0))&" ("&TEXT(MAX($P$2:$P$6)/COUNTA(tbl_AttendanceTracker[Name]),"0.0%")&")" -> Thursday (60.0%) | O2: Monday | P2: =SUMIFS(tbl_AttendanceDetails[Present (1/0)],tbl_AttendanceDetails[Day],O2) -> 25
A3: Attendee 1 | B3: 45475 | C3: No | D3: =IF(C3="Yes",1,0) -> 0 | E3: =IF(C3="Yes","Present","Absent") -> Absent | F3: =TEXT(tbl_AttendanceDetails[[#This Row],[Date]],"dddd") -> Tuesday | H3: 45475 | I3: 25 | J3: 0.5 | L3: Day with lowest attendance rate | M3: =INDEX($O$2:$O$6,MATCH(MIN($P$2:$P$6),$P$2:$P$6,0))&" ("&TEXT(MIN($P$2:$P$6)/COUNTA(tbl_AttendanceTracker[Name]),"0.0%")&")" -> Friday (46.0%) | O3: Tuesday | P3: =SUMIFS(tbl_AttendanceDetails[Present (1/0)],tbl_AttendanceDetails[Day],O3) -> 25
A4: Attendee 1 | B4: 45476 | C4: No | D4: =IF(C4="Yes",1,0) -> 0 | E4: =IF(C4="Yes","Present","Absent") -> Absent | F4: =TEXT(tbl_AttendanceDetails[[#This Row],[Date]],"dddd") -> Wednesday | H4: 45476 | I4: 24 | J4: 0.48 | O4: Wednesday | P4: =SUMIFS(tbl_AttendanceDetails[Present (1/0)],tbl_AttendanceDetails[Day],O4) -> 24
A5: Attendee 1 | B5: 45477 | C5: Yes | D5: =IF(C5="Yes",1,0) -> 1 | E5: =IF(C5="Yes","Present","Absent") -> Present | F5: =TEXT(tbl_AttendanceDetails[[#This Row],[Date]],"dddd") -> Thursday | H5: 45477 | I5: 30 | J5: 0.6 | O5: Thursday | P5: =SUMIFS(tbl_AttendanceDetails[Present (1/0)],tbl_AttendanceDetails[Day],O5) -> 30
A6: Attendee 1 | B6: 45478 | C6: No | D6: =IF(C6="Yes",1,0) -> 0 | E6: =IF(C6="Yes","Present","Absent") -> Absent | F6: =TEXT(tbl_AttendanceDetails[[#This Row],[Date]],"dddd") -> Friday | H6: 45478 | I6: 23 | J6: 0.46 | O6: Friday | P6: =SUMIFS(tbl_AttendanceDetails[Present (1/0)],tbl_AttendanceDetails[Day],O6) -> 23
A7: Attendee 10 | B7: 45474 | C7: No | D7: =IF(C7="Yes",1,0) -> 0 | E7: =IF(C7="Yes","Present","Absent") -> Absent | F7: =TEXT(tbl_AttendanceDetails[[#This Row],[Date]],"dddd") -> Monday | H7: Grand Total | I7: 127 | J7: 0.508
A8: Attendee 10 | B8: 45475 | C8: Yes | D8: =IF(C8="Yes",1,0) -> 1 | E8: =IF(C8="Yes","Present","Absent") -> Present | F8: =TEXT(tbl_AttendanceDetails[[#This Row],[Date]],"dddd") -> Tuesday
A9: Attendee 10 | B9: 45476 | C9: Yes | D9: =IF(C9="Yes",1,0) -> 1 | E9: =IF(C9="Yes","Present","Absent") -> Present | F9: =TEXT(tbl_AttendanceDetails[[#This Row],[Date]],"dddd") -> Wednesday
A10: Attendee 10 | B10: 45477 | C10: No | D10: =IF(C10="Yes",1,0) -> 0 | E10: =IF(C10="Yes","Present","Absent") -> Absent | F10: =TEXT(tbl_AttendanceDetails[[#This Row],[Date]],"dddd") -> Thursday
A11: Attendee 10 | B11: 45478 | C11: No | D11: =IF(C11="Yes",1,0) -> 0 | E11: =IF(C11="Yes","Present","Absent") -> Absent | F11: =TEXT(tbl_AttendanceDetails[[#This Row],[Date]],"dddd") -> Friday
A12: Attendee 11 | B12: 45474 | C12: Yes | D12: =IF(C12="Yes",1,0) -> 1 | E12: =IF(C12="Yes","Present","Absent") -> Present | F12: =TEXT(tbl_AttendanceDetails[[#This Row],[Date]],"dddd") -> Monday
A13: Attendee 11 | B13: 45475 | C13: No | D13: =IF(C13="Yes",1,0) -> 0 | E13: =IF(C13="Yes","Present","Absent") -> Absent | F13: =TEXT(tbl_AttendanceDetails[[#This Row],[Date]],"dddd") -> Tuesday
A14: Attendee 11 | B14: 45476 | C14: Yes | D14: =IF(C14="Yes",1,0) -> 1 | E14: =IF(C14="Yes","Present","Absent") -> Present | F14: =TEXT(tbl_AttendanceDetails[[#This Row],[Date]],"dddd") -> Wednesday
A15: Attendee 11 | B15: 45477 | C15: Yes | D15: =IF(C15="Yes",1,0) -> 1 | E15: =IF(C15="Yes","Present","Absent") -> Present | F15: =TEXT(tbl_AttendanceDetails[[#This Row],[Date]],"dddd") -> Thursday
A16: Attendee 11 | B16: 45478 | C16: No | D16: =IF(C16="Yes",1,0) -> 0 | E16: =IF(C16="Yes","Present","Absent") -> Absent | F16: =TEXT(tbl_AttendanceDetails[[#This Row],[Date]],"dddd") -> Friday
A17: Attendee 12 | B17: 45474 | C17: No | D17: =IF(C17="Yes",1,0) -> 0 | E17: =IF(C17="Yes","Present","Absent") -> Absent | F17: =TEXT(tbl_AttendanceDetails[[#This Row],[Date]],"dddd") -> Monday
A18: Attendee 12 | B18: 45475 | C18: No | D18: =IF(C18="Yes",1,0) -> 0 | E18: =IF(C18="Yes","Present","Absent") -> Absent | F18: =TEXT(tbl_AttendanceDetails[[#This Row],[Date]],"dddd") -> Tuesday
A19: Attendee 12 | B19: 45476 | C19: No | D19: =IF(C19="Yes",1,0) -> 0 | E19: =IF(C19="Yes","Present","Absent") -> Absent | F19: =TEXT(tbl_AttendanceDetails[[#This Row],[Date]],"dddd") -> Wednesday
... A251: Attendee 9 | B251: 45478 | C251: No | D251: =IF(C251="Yes",1,0) -> 0 | E251: =IF(C251="Yes","Present","Absent") -> Absent | F251: =TEXT(tbl_AttendanceDetails[[#This Row],[Date]],"dddd") -> Friday
